Datetime,Power
2025-04-01 00:00,0.0
2025-04-01 00:15,0.0
2025-04-01 00:30,0.0
2025-04-01 00:45,0.0
2025-04-01 01:00,0.0
2025-04-01 01:15,0.0
2025-04-01 01:30,0.0
2025-04-01 01:45,0.0
2025-04-01 02:00,0.0
2025-04-01 02:15,0.0
2025-04-01 02:30,0.0
2025-04-01 02:45,0.0
2025-04-01 03:00,0.0
2025-04-01 03:15,0.0
2025-04-01 03:30,0.0
2025-04-01 03:45,0.0
2025-04-01 04:00,0.0
2025-04-01 04:15,0.0
2025-04-01 04:30,0.0
2025-04-01 04:45,0.0
2025-04-01 05:00,0.0
2025-04-01 05:15,0.0
2025-04-01 05:30,0.0
2025-04-01 05:45,0.0
2025-04-01 06:00,0.0
2025-04-01 06:15,0.0
2025-04-01 06:30,0.0
2025-04-01 06:45,2276.8
2025-04-01 07:00,4891.6
2025-04-01 07:15,6997.5
2025-04-01 07:30,9270.0
2025-04-01 07:45,12844.0
2025-04-01 08:00,15445.4
2025-04-01 08:15,18215.9
2025-04-01 08:30,20486.5
2025-04-01 08:45,22672.4
2025-04-01 09:00,25072.5
2025-04-01 09:15,27485.3
2025-04-01 09:30,30100.7
2025-04-01 09:45,29829.3
2025-04-01 10:00,31539.3
2025-04-01 10:15,31232.4
2025-04-01 10:30,32551.0
2025-04-01 10:45,35933.1
2025-04-01 11:00,34528.6
2025-04-01 11:15,34363.1
2025-04-01 11:30,33863.1
2025-04-01 11:45,36248.1
2025-04-01 12:00,36924.5
2025-04-01 12:15,34474.8
2025-04-01 12:30,35070.4
2025-04-01 12:45,36320.1
2025-04-01 13:00,35829.6
2025-04-01 13:15,33210.6
2025-04-01 13:30,33607.6
2025-04-01 13:45,34617.8
2025-04-01 14:00,33481.8
2025-04-01 14:15,35666.7
2025-04-01 14:30,34282.8
2025-04-01 14:45,32262.3
2025-04-01 15:00,32917.6
2025-04-01 15:15,31310.3
2025-04-01 15:30,30443.3
2025-04-01 15:45,29187.1
2025-04-01 16:00,28275.9
2025-04-01 16:15,27673.9
2025-04-01 16:30,25232.0
2025-04-01 16:45,22762.7
2025-04-01 17:00,20648.5
2025-04-01 17:15,17873.0
2025-04-01 17:30,15406.6
2025-04-01 17:45,12415.1
2025-04-01 18:00,10240.0
2025-04-01 18:15,7062.9
2025-04-01 18:30,4767.2
2025-04-01 18:45,2271.7
2025-04-01 19:00,0.0
2025-04-01 19:15,0.0
2025-04-01 19:30,0.0
2025-04-01 19:45,0.0
2025-04-01 20:00,0.0
2025-04-01 20:15,0.0
2025-04-01 20:30,0.0
2025-04-01 20:45,0.0
2025-04-01 21:00,0.0
2025-04-01 21:15,0.0
2025-04-01 21:30,0.0
2025-04-01 21:45,0.0
2025-04-01 22:00,0.0
2025-04-01 22:15,0.0
2025-04-01 22:30,0.0
2025-04-01 22:45,0.0
2025-04-01 23:00,0.0
2025-04-01 23:15,0.0
2025-04-01 23:30,0.0
2025-04-01 23:45,0.0
2025-04-02 00:00,0.0
2025-04-02 00:15,0.0
2025-04-02 00:30,0.0
2025-04-02 00:45,0.0
2025-04-02 01:00,0.0
2025-04-02 01:15,0.0
2025-04-02 01:30,0.0
2025-04-02 01:45,0.0
2025-04-02 02:00,0.0
2025-04-02 02:15,0.0
2025-04-02 02:30,0.0
2025-04-02 02:45,0.0
2025-04-02 03:00,0.0
2025-04-02 03:15,0.0
2025-04-02 03:30,0.0
2025-04-02 03:45,0.0
2025-04-02 04:00,0.0
2025-04-02 04:15,0.0
2025-04-02 04:30,0.0
2025-04-02 04:45,0.0
2025-04-02 05:00,0.0
2025-04-02 05:15,0.0
2025-04-02 05:30,0.0
2025-04-02 05:45,0.0
2025-04-02 06:00,0.0
2025-04-02 06:15,0.0
2025-04-02 06:30,367.2
2025-04-02 06:45,3365.2
2025-04-02 07:00,6665.4
2025-04-02 07:15,9798.3
2025-04-02 07:30,13351.1
2025-04-02 07:45,17163.4
2025-04-02 08:00,19841.7
2025-04-02 08:15,22285.4
2025-04-02 08:30,26117.9
2025-04-02 08:45,30473.4
2025-04-02 09:00,31074.5
2025-04-02 09:15,35097.7
2025-04-02 09:30,37620.9
2025-04-02 09:45,38913.6
2025-04-02 10:00,41788.5
2025-04-02 10:15,42924.0
2025-04-02 10:30,46175.8
2025-04-02 10:45,44687.9
2025-04-02 11:00,43524.6
2025-04-02 11:15,43851.9
2025-04-02 11:30,43609.0
2025-04-02 11:45,46024.0
2025-04-02 12:00,43950.1
2025-04-02 12:15,44561.9
2025-04-02 12:30,45614.3
2025-04-02 12:45,43626.7
2025-04-02 13:00,44218.5
2025-04-02 13:15,42189.3
2025-04-02 13:30,43258.4
2025-04-02 13:45,43983.6
2025-04-02 14:00,45282.6
2025-04-02 14:15,46200.6
2025-04-02 14:30,44310.6
2025-04-02 14:45,44216.0
2025-04-02 15:00,43386.9
2025-04-02 15:15,43561.8
2025-04-02 15:30,41996.8
2025-04-02 15:45,39608.1
2025-04-02 16:00,36204.9
2025-04-02 16:15,36012.7
2025-04-02 16:30,32852.6
2025-04-02 16:45,30716.9
2025-04-02 17:00,26517.8
2025-04-02 17:15,24643.2
2025-04-02 17:30,19683.6
2025-04-02 17:45,17245.8
2025-04-02 18:00,13069.5
2025-04-02 18:15,9502.4
2025-04-02 18:30,6176.3
2025-04-02 18:45,3274.5
2025-04-02 19:00,389.4
2025-04-02 19:15,0.0
2025-04-02 19:30,0.0
2025-04-02 19:45,0.0
2025-04-02 20:00,0.0
2025-04-02 20:15,0.0
2025-04-02 20:30,0.0
2025-04-02 20:45,0.0
2025-04-02 21:00,0.0
2025-04-02 21:15,0.0
2025-04-02 21:30,0.0
2025-04-02 21:45,0.0
2025-04-02 22:00,0.0
2025-04-02 22:15,0.0
2025-04-02 22:30,0.0
2025-04-02 22:45,0.0
2025-04-02 23:00,0.0
2025-04-02 23:15,0.0
2025-04-02 23:30,0.0
2025-04-02 23:45,0.0
2025-04-03 00:00,0.0
2025-04-03 00:15,0.0
2025-04-03 00:30,0.0
2025-04-03 00:45,0.0
2025-04-03 01:00,0.0
2025-04-03 01:15,0.0
2025-04-03 01:30,0.0
2025-04-03 01:45,0.0
2025-04-03 02:00,0.0
2025-04-03 02:15,0.0
2025-04-03 02:30,0.0
2025-04-03 02:45,0.0
2025-04-03 03:00,0.0
2025-04-03 03:15,0.0
2025-04-03 03:30,0.0
2025-04-03 03:45,0.0
2025-04-03 04:00,0.0
2025-04-03 04:15,0.0
2025-04-03 04:30,0.0
2025-04-03 04:45,0.0
2025-04-03 05:00,0.0
2025-04-03 05:15,0.0
2025-04-03 05:30,0.0
2025-04-03 05:45,0.0
2025-04-03 06:00,0.0
2025-04-03 06:15,0.0
2025-04-03 06:30,697.4
2025-04-03 06:45,3558.4
2025-04-03 07:00,6096.7
2025-04-03 07:15,9159.7
2025-04-03 07:30,12698.3
2025-04-03 07:45,15837.9
2025-04-03 08:00,19629.3
2025-04-03 08:15,21968.3
2025-04-03 08:30,24100.1
2025-04-03 08:45,26620.5
2025-04-03 09:00,28979.9
2025-04-03 09:15,33192.4
2025-04-03 09:30,35731.8
2025-04-03 09:45,34234.5
2025-04-03 10:00,37029.1
2025-04-03 10:15,38625.9
2025-04-03 10:30,39535.9
2025-04-03 10:45,40065.1
2025-04-03 11:00,40802.1
2025-04-03 11:15,43095.7
2025-04-03 11:30,39845.5
2025-04-03 11:45,41466.8
2025-04-03 12:00,40000.2
2025-04-03 12:15,43217.7
2025-04-03 12:30,41721.4
2025-04-03 12:45,41301.4
2025-04-03 13:00,40657.5
2025-04-03 13:15,40405.0
2025-04-03 13:30,40957.9
2025-04-03 13:45,41089.2
2025-04-03 14:00,38844.7
2025-04-03 14:15,41787.8
2025-04-03 14:30,41584.8
2025-04-03 14:45,39272.6
2025-04-03 15:00,39256.9
2025-04-03 15:15,39510.7
2025-04-03 15:30,36659.7
2025-04-03 15:45,36375.9
2025-04-03 16:00,35546.5
2025-04-03 16:15,32170.4
2025-04-03 16:30,29325.8
2025-04-03 16:45,26330.1
2025-04-03 17:00,26776.7
2025-04-03 17:15,21184.4
2025-04-03 17:30,18041.1
2025-04-03 17:45,15162.8
2025-04-03 18:00,12245.6
2025-04-03 18:15,9226.6
2025-04-03 18:30,6372.5
2025-04-03 18:45,3299.1
2025-04-03 19:00,675.5
2025-04-03 19:15,0.0
2025-04-03 19:30,0.0
2025-04-03 19:45,0.0
2025-04-03 20:00,0.0
2025-04-03 20:15,0.0
2025-04-03 20:30,0.0
2025-04-03 20:45,0.0
2025-04-03 21:00,0.0
2025-04-03 21:15,0.0
2025-04-03 21:30,0.0
2025-04-03 21:45,0.0
2025-04-03 22:00,0.0
2025-04-03 22:15,0.0
2025-04-03 22:30,0.0
2025-04-03 22:45,0.0
2025-04-03 23:00,0.0
2025-04-03 23:15,0.0
2025-04-03 23:30,0.0
2025-04-03 23:45,0.0
2025-04-04 00:00,0.0
2025-04-04 00:15,0.0
2025-04-04 00:30,0.0
2025-04-04 00:45,0.0
2025-04-04 01:00,0.0
2025-04-04 01:15,0.0
2025-04-04 01:30,0.0
2025-04-04 01:45,0.0
2025-04-04 02:00,0.0
2025-04-04 02:15,0.0
2025-04-04 02:30,0.0
2025-04-04 02:45,0.0
2025-04-04 03:00,0.0
2025-04-04 03:15,0.0
2025-04-04 03:30,0.0
2025-04-04 03:45,0.0
2025-04-04 04:00,0.0
2025-04-04 04:15,0.0
2025-04-04 04:30,0.0
2025-04-04 04:45,0.0
2025-04-04 05:00,0.0
2025-04-04 05:15,0.0
2025-04-04 05:30,0.0
2025-04-04 05:45,0.0
2025-04-04 06:00,0.0
2025-04-04 06:15,0.0
2025-04-04 06:30,956.5
2025-04-04 06:45,3455.6
2025-04-04 07:00,6446.9
2025-04-04 07:15,8871.1
2025-04-04 07:30,11538.9
2025-04-04 07:45,14567.7
2025-04-04 08:00,18162.0
2025-04-04 08:15,20272.3
2025-04-04 08:30,23261.2
2025-04-04 08:45,26366.4
2025-04-04 09:00,27377.5
2025-04-04 09:15,28375.9
2025-04-04 09:30,32075.5
2025-04-04 09:45,33612.6
2025-04-04 10:00,34066.4
2025-04-04 10:15,36681.3
2025-04-04 10:30,37208.5
2025-04-04 10:45,36002.8
2025-04-04 11:00,38066.4
2025-04-04 11:15,37476.6
2025-04-04 11:30,36112.2
2025-04-04 11:45,38321.9
2025-04-04 12:00,37726.3
2025-04-04 12:15,36888.4
2025-04-04 12:30,38286.4
2025-04-04 12:45,38232.8
2025-04-04 13:00,37041.9
2025-04-04 13:15,38185.2
2025-04-04 13:30,38927.9
2025-04-04 13:45,36999.9
2025-04-04 14:00,38225.5
2025-04-04 14:15,37701.5
2025-04-04 14:30,40031.8
2025-04-04 14:45,35037.2
2025-04-04 15:00,37304.7
2025-04-04 15:15,35418.7
2025-04-04 15:30,34595.0
2025-04-04 15:45,35286.9
2025-04-04 16:00,31781.8
2025-04-04 16:15,31937.8
2025-04-04 16:30,27436.5
2025-04-04 16:45,25721.0
2025-04-04 17:00,22567.1
2025-04-04 17:15,19781.8
2025-04-04 17:30,17421.1
2025-04-04 17:45,14395.9
2025-04-04 18:00,11713.0
2025-04-04 18:15,8250.6
2025-04-04 18:30,6419.5
2025-04-04 18:45,3408.9
2025-04-04 19:00,995.3
2025-04-04 19:15,0.0
2025-04-04 19:30,0.0
2025-04-04 19:45,0.0
2025-04-04 20:00,0.0
2025-04-04 20:15,0.0
2025-04-04 20:30,0.0
2025-04-04 20:45,0.0
2025-04-04 21:00,0.0
2025-04-04 21:15,0.0
2025-04-04 21:30,0.0
2025-04-04 21:45,0.0
2025-04-04 22:00,0.0
2025-04-04 22:15,0.0
2025-04-04 22:30,0.0
2025-04-04 22:45,0.0
2025-04-04 23:00,0.0
2025-04-04 23:15,0.0
2025-04-04 23:30,0.0
2025-04-04 23:45,0.0
2025-04-05 00:00,0.0
2025-04-05 00:15,0.0
2025-04-05 00:30,0.0
2025-04-05 00:45,0.0
2025-04-05 01:00,0.0
2025-04-05 01:15,0.0
2025-04-05 01:30,0.0
2025-04-05 01:45,0.0
2025-04-05 02:00,0.0
2025-04-05 02:15,0.0
2025-04-05 02:30,0.0
2025-04-05 02:45,0.0
2025-04-05 03:00,0.0
2025-04-05 03:15,0.0
2025-04-05 03:30,0.0
2025-04-05 03:45,0.0
2025-04-05 04:00,0.0
2025-04-05 04:15,0.0
2025-04-05 04:30,0.0
2025-04-05 04:45,0.0
2025-04-05 05:00,0.0
2025-04-05 05:15,0.0
2025-04-05 05:30,0.0
2025-04-05 05:45,0.0
2025-04-05 06:00,0.0
2025-04-05 06:15,0.0
2025-04-05 06:30,1116.5
2025-04-05 06:45,3417.0
2025-04-05 07:00,5596.8
2025-04-05 07:15,7989.1
2025-04-05 07:30,10320.6
2025-04-05 07:45,12716.8
2025-04-05 08:00,16690.8
2025-04-05 08:15,17374.8
2025-04-05 08:30,19954.7
2025-04-05 08:45,22528.6
2025-04-05 09:00,24318.0
2025-04-05 09:15,25598.5
2025-04-05 09:30,27517.7
2025-04-05 09:45,29705.0
2025-04-05 10:00,30102.3
2025-04-05 10:15,31807.0
2025-04-05 10:30,32021.6
2025-04-05 10:45,33121.8
2025-04-05 11:00,34147.2
2025-04-05 11:15,32779.7
2025-04-05 11:30,32539.7
2025-04-05 11:45,34728.7
2025-04-05 12:00,34605.1
2025-04-05 12:15,33165.9
2025-04-05 12:30,34435.9
2025-04-05 12:45,32332.6
2025-04-05 13:00,32396.2
2025-04-05 13:15,32088.3
2025-04-05 13:30,32566.4
2025-04-05 13:45,33818.6
2025-04-05 14:00,32921.4
2025-04-05 14:15,32954.4
2025-04-05 14:30,32212.5
2025-04-05 14:45,31447.8
2025-04-05 15:00,32993.4
2025-04-05 15:15,31179.3
2025-04-05 15:30,31290.0
2025-04-05 15:45,29398.6
2025-04-05 16:00,27692.9
2025-04-05 16:15,23654.2
2025-04-05 16:30,25258.1
2025-04-05 16:45,22795.2
2025-04-05 17:00,20312.5
2025-04-05 17:15,18064.0
2025-04-05 17:30,15873.5
2025-04-05 17:45,13749.7
2025-04-05 18:00,10235.2
2025-04-05 18:15,8184.3
2025-04-05 18:30,5491.9
2025-04-05 18:45,3393.7
2025-04-05 19:00,1159.5
2025-04-05 19:15,0.0
2025-04-05 19:30,0.0
2025-04-05 19:45,0.0
2025-04-05 20:00,0.0
2025-04-05 20:15,0.0
2025-04-05 20:30,0.0
2025-04-05 20:45,0.0
2025-04-05 21:00,0.0
2025-04-05 21:15,0.0
2025-04-05 21:30,0.0
2025-04-05 21:45,0.0
2025-04-05 22:00,0.0
2025-04-05 22:15,0.0
2025-04-05 22:30,0.0
2025-04-05 22:45,0.0
2025-04-05 23:00,0.0
2025-04-05 23:15,0.0
2025-04-05 23:30,0.0
2025-04-05 23:45,0.0
2025-04-06 00:00,0.0
2025-04-06 00:15,0.0
2025-04-06 00:30,0.0
2025-04-06 00:45,0.0
2025-04-06 01:00,0.0
2025-04-06 01:15,0.0
2025-04-06 01:30,0.0
2025-04-06 01:45,0.0
2025-04-06 02:00,0.0
2025-04-06 02:15,0.0
2025-04-06 02:30,0.0
2025-04-06 02:45,0.0
2025-04-06 03:00,0.0
2025-04-06 03:15,0.0
2025-04-06 03:30,0.0
2025-04-06 03:45,0.0
2025-04-06 04:00,0.0
2025-04-06 04:15,0.0
2025-04-06 04:30,0.0
2025-04-06 04:45,0.0
2025-04-06 05:00,0.0
2025-04-06 05:15,0.0
2025-04-06 05:30,0.0
2025-04-06 05:45,0.0
2025-04-06 06:00,0.0
2025-04-06 06:15,0.0
2025-04-06 06:30,1477.3
2025-04-06 06:45,3966.2
2025-04-06 07:00,6528.1
2025-04-06 07:15,9326.1
2025-04-06 07:30,11707.8
2025-04-06 07:45,14225.7
2025-04-06 08:00,16470.6
2025-04-06 08:15,20436.7
2025-04-06 08:30,23080.4
2025-04-06 08:45,26013.8
2025-04-06 09:00,28153.5
2025-04-06 09:15,29346.3
2025-04-06 09:30,32547.2
2025-04-06 09:45,32651.8
2025-04-06 10:00,33352.8
2025-04-06 10:15,34465.9
2025-04-06 10:30,35131.3
2025-04-06 10:45,33932.0
2025-04-06 11:00,36809.1
2025-04-06 11:15,37111.9
2025-04-06 11:30,36521.2
2025-04-06 11:45,36142.7
2025-04-06 12:00,37314.6
2025-04-06 12:15,38757.4
2025-04-06 12:30,36865.7
2025-04-06 12:45,36249.5
2025-04-06 13:00,36170.1
2025-04-06 13:15,36781.8
2025-04-06 13:30,35502.8
2025-04-06 13:45,36794.9
2025-04-06 14:00,36990.2
2025-04-06 14:15,38874.3
2025-04-06 14:30,37674.2
2025-04-06 14:45,37415.6
2025-04-06 15:00,34993.8
2025-04-06 15:15,35716.4
2025-04-06 15:30,32864.2
2025-04-06 15:45,33092.8
2025-04-06 16:00,31673.9
2025-04-06 16:15,28836.5
2025-04-06 16:30,29150.6
2025-04-06 16:45,25691.2
2025-04-06 17:00,21524.0
2025-04-06 17:15,20572.5
2025-04-06 17:30,17320.5
2025-04-06 17:45,14768.7
2025-04-06 18:00,12151.9
2025-04-06 18:15,9338.6
2025-04-06 18:30,6147.8
2025-04-06 18:45,3836.6
2025-04-06 19:00,1573.8
2025-04-06 19:15,0.0
2025-04-06 19:30,0.0
2025-04-06 19:45,0.0
2025-04-06 20:00,0.0
2025-04-06 20:15,0.0
2025-04-06 20:30,0.0
2025-04-06 20:45,0.0
2025-04-06 21:00,0.0
2025-04-06 21:15,0.0
2025-04-06 21:30,0.0
2025-04-06 21:45,0.0
2025-04-06 22:00,0.0
2025-04-06 22:15,0.0
2025-04-06 22:30,0.0
2025-04-06 22:45,0.0
2025-04-06 23:00,0.0
2025-04-06 23:15,0.0
2025-04-06 23:30,0.0
2025-04-06 23:45,0.0
2025-04-07 00:00,0.0
2025-04-07 00:15,0.0
2025-04-07 00:30,0.0
2025-04-07 00:45,0.0
2025-04-07 01:00,0.0
2025-04-07 01:15,0.0
2025-04-07 01:30,0.0
2025-04-07 01:45,0.0
2025-04-07 02:00,0.0
2025-04-07 02:15,0.0
2025-04-07 02:30,0.0
2025-04-07 02:45,0.0
2025-04-07 03:00,0.0
2025-04-07 03:15,0.0
2025-04-07 03:30,0.0
2025-04-07 03:45,0.0
2025-04-07 04:00,0.0
2025-04-07 04:15,0.0
2025-04-07 04:30,0.0
2025-04-07 04:45,0.0
2025-04-07 05:00,0.0
2025-04-07 05:15,0.0
2025-04-07 05:30,0.0
2025-04-07 05:45,0.0
2025-04-07 06:00,0.0
2025-04-07 06:15,0.0
2025-04-07 06:30,2437.0
2025-04-07 06:45,5648.5
2025-04-07 07:00,8507.2
2025-04-07 07:15,11984.0
2025-04-07 07:30,15286.5
2025-04-07 07:45,18775.6
2025-04-07 08:00,21655.6
2025-04-07 08:15,26856.6
2025-04-07 08:30,28152.5
2025-04-07 08:45,32959.9
2025-04-07 09:00,33152.6
2025-04-07 09:15,36855.7
2025-04-07 09:30,41295.2
2025-04-07 09:45,43030.8
2025-04-07 10:00,44238.6
2025-04-07 10:15,44406.4
2025-04-07 10:30,43993.2
2025-04-07 10:45,45996.0
2025-04-07 11:00,44411.0
2025-04-07 11:15,45210.7
2025-04-07 11:30,48470.9
2025-04-07 11:45,46206.3
2025-04-07 12:00,46424.8
2025-04-07 12:15,46501.5
2025-04-07 12:30,47180.1
2025-04-07 12:45,48381.7
2025-04-07 13:00,43312.5
2025-04-07 13:15,45710.0
2025-04-07 13:30,48073.9
2025-04-07 13:45,43010.8
2025-04-07 14:00,48451.4
2025-04-07 14:15,42861.8
2025-04-07 14:30,45071.9
2025-04-07 14:45,48086.2
2025-04-07 15:00,47092.5
2025-04-07 15:15,45280.3
2025-04-07 15:30,45561.6
2025-04-07 15:45,41028.3
2025-04-07 16:00,39796.7
2025-04-07 16:15,35416.0
2025-04-07 16:30,35249.3
2025-04-07 16:45,31308.3
2025-04-07 17:00,29894.5
2025-04-07 17:15,24846.8
2025-04-07 17:30,22206.1
2025-04-07 17:45,18434.6
2025-04-07 18:00,15192.9
2025-04-07 18:15,11919.8
2025-04-07 18:30,8562.7
2025-04-07 18:45,5536.8
2025-04-07 19:00,2266.6
2025-04-07 19:15,0.0
2025-04-07 19:30,0.0
2025-04-07 19:45,0.0
2025-04-07 20:00,0.0
2025-04-07 20:15,0.0
2025-04-07 20:30,0.0
2025-04-07 20:45,0.0
2025-04-07 21:00,0.0
2025-04-07 21:15,0.0
2025-04-07 21:30,0.0
2025-04-07 21:45,0.0
2025-04-07 22:00,0.0
2025-04-07 22:15,0.0
2025-04-07 22:30,0.0
2025-04-07 22:45,0.0
2025-04-07 23:00,0.0
2025-04-07 23:15,0.0
2025-04-07 23:30,0.0
2025-04-07 23:45,0.0
2025-04-08 00:00,0.0
2025-04-08 00:15,0.0
2025-04-08 00:30,0.0
2025-04-08 00:45,0.0
2025-04-08 01:00,0.0
2025-04-08 01:15,0.0
2025-04-08 01:30,0.0
2025-04-08 01:45,0.0
2025-04-08 02:00,0.0
2025-04-08 02:15,0.0
2025-04-08 02:30,0.0
2025-04-08 02:45,0.0
2025-04-08 03:00,0.0
2025-04-08 03:15,0.0
2025-04-08 03:30,0.0
2025-04-08 03:45,0.0
2025-04-08 04:00,0.0
2025-04-08 04:15,0.0
2025-04-08 04:30,0.0
2025-04-08 04:45,0.0
2025-04-08 05:00,0.0
2025-04-08 05:15,0.0
2025-04-08 05:30,0.0
2025-04-08 05:45,0.0
2025-04-08 06:00,0.0
2025-04-08 06:15,0.0
2025-04-08 06:30,1985.4
2025-04-08 06:45,4428.5
2025-04-08 07:00,7021.7
2025-04-08 07:15,9425.4
2025-04-08 07:30,11930.6
2025-04-08 07:45,14547.1
2025-04-08 08:00,18474.3
2025-04-08 08:15,20016.3
2025-04-08 08:30,22014.2
2025-04-08 08:45,24606.6
2025-04-08 09:00,27776.5
2025-04-08 09:15,28309.7
2025-04-08 09:30,31006.9
2025-04-08 09:45,32676.1
2025-04-08 10:00,33885.3
2025-04-08 10:15,35491.4
2025-04-08 10:30,34182.2
2025-04-08 10:45,36447.5
2025-04-08 11:00,34724.9
2025-04-08 11:15,35328.1
2025-04-08 11:30,37117.3
2025-04-08 11:45,36724.0
2025-04-08 12:00,35811.6
2025-04-08 12:15,34488.7
2025-04-08 12:30,36335.3
2025-04-08 12:45,35044.9
2025-04-08 13:00,34742.8
2025-04-08 13:15,35071.6
2025-04-08 13:30,36074.2
2025-04-08 13:45,33559.3
2025-04-08 14:00,36219.4
2025-04-08 14:15,35939.9
2025-04-08 14:30,34947.2
2025-04-08 14:45,36346.2
2025-04-08 15:00,35393.8
2025-04-08 15:15,33441.6
2025-04-08 15:30,32474.4
2025-04-08 15:45,32644.7
2025-04-08 16:00,29174.9
2025-04-08 16:15,28615.0
2025-04-08 16:30,26492.2
2025-04-08 16:45,24937.1
2025-04-08 17:00,22719.3
2025-04-08 17:15,20134.8
2025-04-08 17:30,18131.4
2025-04-08 17:45,14987.8
2025-04-08 18:00,12096.7
2025-04-08 18:15,9209.9
2025-04-08 18:30,7112.6
2025-04-08 18:45,4532.7
2025-04-08 19:00,2177.3
2025-04-08 19:15,0.0
2025-04-08 19:30,0.0
2025-04-08 19:45,0.0
2025-04-08 20:00,0.0
2025-04-08 20:15,0.0
2025-04-08 20:30,0.0
2025-04-08 20:45,0.0
2025-04-08 21:00,0.0
2025-04-08 21:15,0.0
2025-04-08 21:30,0.0
2025-04-08 21:45,0.0
2025-04-08 22:00,0.0
2025-04-08 22:15,0.0
2025-04-08 22:30,0.0
2025-04-08 22:45,0.0
2025-04-08 23:00,0.0
2025-04-08 23:15,0.0
2025-04-08 23:30,0.0
2025-04-08 23:45,0.0
2025-04-09 00:00,0.0
2025-04-09 00:15,0.0
2025-04-09 00:30,0.0
2025-04-09 00:45,0.0
2025-04-09 01:00,0.0
2025-04-09 01:15,0.0
2025-04-09 01:30,0.0
2025-04-09 01:45,0.0
2025-04-09 02:00,0.0
2025-04-09 02:15,0.0
2025-04-09 02:30,0.0
2025-04-09 02:45,0.0
2025-04-09 03:00,0.0
2025-04-09 03:15,0.0
2025-04-09 03:30,0.0
2025-04-09 03:45,0.0
2025-04-09 04:00,0.0
2025-04-09 04:15,0.0
2025-04-09 04:30,0.0
2025-04-09 04:45,0.0
2025-04-09 05:00,0.0
2025-04-09 05:15,0.0
2025-04-09 05:30,0.0
2025-04-09 05:45,0.0
2025-04-09 06:00,0.0
2025-04-09 06:15,133.9
2025-04-09 06:30,2326.3
2025-04-09 06:45,4436.6
2025-04-09 07:00,6765.9
2025-04-09 07:15,9033.5
2025-04-09 07:30,11429.8
2025-04-09 07:45,14215.6
2025-04-09 08:00,17120.9
2025-04-09 08:15,18740.0
2025-04-09 08:30,21644.4
2025-04-09 08:45,23473.5
2025-04-09 09:00,25738.5
2025-04-09 09:15,26266.9
2025-04-09 09:30,28920.7
2025-04-09 09:45,28551.1
2025-04-09 10:00,32114.3
2025-04-09 10:15,31614.7
2025-04-09 10:30,34290.3
2025-04-09 10:45,32154.2
2025-04-09 11:00,31884.1
2025-04-09 11:15,32217.3
2025-04-09 11:30,31438.5
2025-04-09 11:45,33271.1
2025-04-09 12:00,31263.9
2025-04-09 12:15,32629.4
2025-04-09 12:30,33183.6
2025-04-09 12:45,32087.2
2025-04-09 13:00,33185.4
2025-04-09 13:15,34010.7
2025-04-09 13:30,32195.0
2025-04-09 13:45,32031.1
2025-04-09 14:00,31930.4
2025-04-09 14:15,33064.3
2025-04-09 14:30,33024.8
2025-04-09 14:45,33184.8
2025-04-09 15:00,32173.4
2025-04-09 15:15,32450.5
2025-04-09 15:30,30382.3
2025-04-09 15:45,30819.2
2025-04-09 16:00,28917.9
2025-04-09 16:15,27444.6
2025-04-09 16:30,24844.8
2025-04-09 16:45,22281.6
2025-04-09 17:00,21785.1
2025-04-09 17:15,19147.1
2025-04-09 17:30,16045.9
2025-04-09 17:45,13980.4
2025-04-09 18:00,11720.7
2025-04-09 18:15,9439.5
2025-04-09 18:30,6975.6
2025-04-09 18:45,4329.8
2025-04-09 19:00,2171.6
2025-04-09 19:15,126.3
2025-04-09 19:30,0.0
2025-04-09 19:45,0.0
2025-04-09 20:00,0.0
2025-04-09 20:15,0.0
2025-04-09 20:30,0.0
2025-04-09 20:45,0.0
2025-04-09 21:00,0.0
2025-04-09 21:15,0.0
2025-04-09 21:30,0.0
2025-04-09 21:45,0.0
2025-04-09 22:00,0.0
2025-04-09 22:15,0.0
2025-04-09 22:30,0.0
2025-04-09 22:45,0.0
2025-04-09 23:00,0.0
2025-04-09 23:15,0.0
2025-04-09 23:30,0.0
2025-04-09 23:45,0.0
2025-04-10 00:00,0.0
2025-04-10 00:15,0.0
2025-04-10 00:30,0.0
2025-04-10 00:45,0.0
2025-04-10 01:00,0.0
2025-04-10 01:15,0.0
2025-04-10 01:30,0.0
2025-04-10 01:45,0.0
2025-04-10 02:00,0.0
2025-04-10 02:15,0.0
2025-04-10 02:30,0.0
2025-04-10 02:45,0.0
2025-04-10 03:00,0.0
2025-04-10 03:15,0.0
2025-04-10 03:30,0.0
2025-04-10 03:45,0.0
2025-04-10 04:00,0.0
2025-04-10 04:15,0.0
2025-04-10 04:30,0.0
2025-04-10 04:45,0.0
2025-04-10 05:00,0.0
2025-04-10 05:15,0.0
2025-04-10 05:30,0.0
2025-04-10 05:45,0.0
2025-04-10 06:00,0.0
2025-04-10 06:15,404.7
2025-04-10 06:30,2510.3
2025-04-10 06:45,5089.0
2025-04-10 07:00,7636.3
2025-04-10 07:15,9226.5
2025-04-10 07:30,11816.6
2025-04-10 07:45,15271.3
2025-04-10 08:00,16751.8
2025-04-10 08:15,19650.1
2025-04-10 08:30,22301.2
2025-04-10 08:45,24901.2
2025-04-10 09:00,26213.1
2025-04-10 09:15,28255.1
2025-04-10 09:30,29039.0
2025-04-10 09:45,32256.6
2025-04-10 10:00,31659.5
2025-04-10 10:15,33330.0
2025-04-10 10:30,33122.5
2025-04-10 10:45,34204.2
2025-04-10 11:00,34218.0
2025-04-10 11:15,34389.8
2025-04-10 11:30,33575.3
2025-04-10 11:45,35461.4
2025-04-10 12:00,36072.0
2025-04-10 12:15,34815.6
2025-04-10 12:30,35290.0
2025-04-10 12:45,35387.1
2025-04-10 13:00,35492.7
2025-04-10 13:15,34878.1
2025-04-10 13:30,34824.4
2025-04-10 13:45,35531.7
2025-04-10 14:00,34700.0
2025-04-10 14:15,33548.6
2025-04-10 14:30,34416.1
2025-04-10 14:45,32163.8
2025-04-10 15:00,33632.9
2025-04-10 15:15,33402.9
2025-04-10 15:30,33328.7
2025-04-10 15:45,31193.6
2025-04-10 16:00,30559.7
2025-04-10 16:15,28174.2
2025-04-10 16:30,25579.6
2025-04-10 16:45,23362.0
2025-04-10 17:00,21568.6
2025-04-10 17:15,19067.1
2025-04-10 17:30,17764.7
2025-04-10 17:45,14816.9
2025-04-10 18:00,12565.0
2025-04-10 18:15,9828.1
2025-04-10 18:30,7536.6
2025-04-10 18:45,5047.5
2025-04-10 19:00,2537.7
2025-04-10 19:15,413.5
2025-04-10 19:30,0.0
2025-04-10 19:45,0.0
2025-04-10 20:00,0.0
2025-04-10 20:15,0.0
2025-04-10 20:30,0.0
2025-04-10 20:45,0.0
2025-04-10 21:00,0.0
2025-04-10 21:15,0.0
2025-04-10 21:30,0.0
2025-04-10 21:45,0.0
2025-04-10 22:00,0.0
2025-04-10 22:15,0.0
2025-04-10 22:30,0.0
2025-04-10 22:45,0.0
2025-04-10 23:00,0.0
2025-04-10 23:15,0.0
2025-04-10 23:30,0.0
2025-04-10 23:45,0.0
2025-04-11 00:00,0.0
2025-04-11 00:15,0.0
2025-04-11 00:30,0.0
2025-04-11 00:45,0.0
2025-04-11 01:00,0.0
2025-04-11 01:15,0.0
2025-04-11 01:30,0.0
2025-04-11 01:45,0.0
2025-04-11 02:00,0.0
2025-04-11 02:15,0.0
2025-04-11 02:30,0.0
2025-04-11 02:45,0.0
2025-04-11 03:00,0.0
2025-04-11 03:15,0.0
2025-04-11 03:30,0.0
2025-04-11 03:45,0.0
2025-04-11 04:00,0.0
2025-04-11 04:15,0.0
2025-04-11 04:30,0.0
2025-04-11 04:45,0.0
2025-04-11 05:00,0.0
2025-04-11 05:15,0.0
2025-04-11 05:30,0.0
2025-04-11 05:45,0.0
2025-04-11 06:00,0.0
2025-04-11 06:15,614.1
2025-04-11 06:30,2566.0
2025-04-11 06:45,4665.1
2025-04-11 07:00,7354.2
2025-04-11 07:15,9720.2
2025-04-11 07:30,11899.7
2025-04-11 07:45,14053.6
2025-04-11 08:00,16847.3
2025-04-11 08:15,18760.6
2025-04-11 08:30,20135.0
2025-04-11 08:45,21282.7
2025-04-11 09:00,23728.5
2025-04-11 09:15,27053.7
2025-04-11 09:30,28854.6
2025-04-11 09:45,29541.6
2025-04-11 10:00,29630.9
2025-04-11 10:15,30396.1
2025-04-11 10:30,31547.5
2025-04-11 10:45,29870.0
2025-04-11 11:00,31580.5
2025-04-11 11:15,31836.0
2025-04-11 11:30,33866.0
2025-04-11 11:45,32020.6
2025-04-11 12:00,31578.3
2025-04-11 12:15,32961.2
2025-04-11 12:30,31310.7
2025-04-11 12:45,32915.8
2025-04-11 13:00,31080.0
2025-04-11 13:15,33702.2
2025-04-11 13:30,32363.6
2025-04-11 13:45,31781.8
2025-04-11 14:00,33518.2
2025-04-11 14:15,31790.8
2025-04-11 14:30,32687.6
2025-04-11 14:45,30392.9
2025-04-11 15:00,29886.5
2025-04-11 15:15,31293.2
2025-04-11 15:30,30616.5
2025-04-11 15:45,28782.4
2025-04-11 16:00,28092.8
2025-04-11 16:15,25382.0
2025-04-11 16:30,23875.2
2025-04-11 16:45,22907.6
2025-04-11 17:00,20770.3
2025-04-11 17:15,18242.7
2025-04-11 17:30,16980.7
2025-04-11 17:45,13458.2
2025-04-11 18:00,12357.6
2025-04-11 18:15,9678.3
2025-04-11 18:30,7068.7
2025-04-11 18:45,4976.1
2025-04-11 19:00,2609.8
2025-04-11 19:15,633.5
2025-04-11 19:30,0.0
2025-04-11 19:45,0.0
2025-04-11 20:00,0.0
2025-04-11 20:15,0.0
2025-04-11 20:30,0.0
2025-04-11 20:45,0.0
2025-04-11 21:00,0.0
2025-04-11 21:15,0.0
2025-04-11 21:30,0.0
2025-04-11 21:45,0.0
2025-04-11 22:00,0.0
2025-04-11 22:15,0.0
2025-04-11 22:30,0.0
2025-04-11 22:45,0.0
2025-04-11 23:00,0.0
2025-04-11 23:15,0.0
2025-04-11 23:30,0.0
2025-04-11 23:45,0.0
2025-04-12 00:00,0.0
2025-04-12 00:15,0.0
2025-04-12 00:30,0.0
2025-04-12 00:45,0.0
2025-04-12 01:00,0.0
2025-04-12 01:15,0.0
2025-04-12 01:30,0.0
2025-04-12 01:45,0.0
2025-04-12 02:00,0.0
2025-04-12 02:15,0.0
2025-04-12 02:30,0.0
2025-04-12 02:45,0.0
2025-04-12 03:00,0.0
2025-04-12 03:15,0.0
2025-04-12 03:30,0.0
2025-04-12 03:45,0.0
2025-04-12 04:00,0.0
2025-04-12 04:15,0.0
2025-04-12 04:30,0.0
2025-04-12 04:45,0.0
2025-04-12 05:00,0.0
2025-04-12 05:15,0.0
2025-04-12 05:30,0.0
2025-04-12 05:45,0.0
2025-04-12 06:00,0.0
2025-04-12 06:15,1242.7
2025-04-12 06:30,4044.7
2025-04-12 06:45,7278.6
2025-04-12 07:00,9641.0
2025-04-12 07:15,13804.3
2025-04-12 07:30,16199.1
2025-04-12 07:45,19067.1
2025-04-12 08:00,24313.1
2025-04-12 08:15,25826.6
2025-04-12 08:30,29774.8
2025-04-12 08:45,32061.5
2025-04-12 09:00,32052.0
2025-04-12 09:15,36079.4
2025-04-12 09:30,37263.2
2025-04-12 09:45,37887.8
2025-04-12 10:00,38632.9
2025-04-12 10:15,41973.9
2025-04-12 10:30,43384.5
2025-04-12 10:45,43689.0
2025-04-12 11:00,43140.5
2025-04-12 11:15,42691.9
2025-04-12 11:30,42524.7
2025-04-12 11:45,43096.3
2025-04-12 12:00,42430.7
2025-04-12 12:15,43470.3
2025-04-12 12:30,43666.9
2025-04-12 12:45,42507.8
2025-04-12 13:00,43392.7
2025-04-12 13:15,42739.4
2025-04-12 13:30,43781.9
2025-04-12 13:45,44492.9
2025-04-12 14:00,44056.3
2025-04-12 14:15,44359.3
2025-04-12 14:30,41382.2
2025-04-12 14:45,42692.3
2025-04-12 15:00,42983.5
2025-04-12 15:15,42650.3
2025-04-12 15:30,38845.5
2025-04-12 15:45,39665.4
2025-04-12 16:00,39230.1
2025-04-12 16:15,35756.4
2025-04-12 16:30,33657.9
2025-04-12 16:45,31716.9
2025-04-12 17:00,28811.0
2025-04-12 17:15,26227.4
2025-04-12 17:30,22712.1
2025-04-12 17:45,19605.2
2025-04-12 18:00,15934.9
2025-04-12 18:15,13053.3
2025-04-12 18:30,10347.3
2025-04-12 18:45,6875.5
2025-04-12 19:00,3974.0
2025-04-12 19:15,1211.6
2025-04-12 19:30,0.0
2025-04-12 19:45,0.0
2025-04-12 20:00,0.0
2025-04-12 20:15,0.0
2025-04-12 20:30,0.0
2025-04-12 20:45,0.0
2025-04-12 21:00,0.0
2025-04-12 21:15,0.0
2025-04-12 21:30,0.0
2025-04-12 21:45,0.0
2025-04-12 22:00,0.0
2025-04-12 22:15,0.0
2025-04-12 22:30,0.0
2025-04-12 22:45,0.0
2025-04-12 23:00,0.0
2025-04-12 23:15,0.0
2025-04-12 23:30,0.0
2025-04-12 23:45,0.0
2025-04-13 00:00,0.0
2025-04-13 00:15,0.0
2025-04-13 00:30,0.0
2025-04-13 00:45,0.0
2025-04-13 01:00,0.0
2025-04-13 01:15,0.0
2025-04-13 01:30,0.0
2025-04-13 01:45,0.0
2025-04-13 02:00,0.0
2025-04-13 02:15,0.0
2025-04-13 02:30,0.0
2025-04-13 02:45,0.0
2025-04-13 03:00,0.0
2025-04-13 03:15,0.0
2025-04-13 03:30,0.0
2025-04-13 03:45,0.0
2025-04-13 04:00,0.0
2025-04-13 04:15,0.0
2025-04-13 04:30,0.0
2025-04-13 04:45,0.0
2025-04-13 05:00,0.0
2025-04-13 05:15,0.0
2025-04-13 05:30,0.0
2025-04-13 05:45,0.0
2025-04-13 06:00,0.0
2025-04-13 06:15,1518.8
2025-04-13 06:30,4163.6
2025-04-13 06:45,7071.4
2025-04-13 07:00,10009.3
2025-04-13 07:15,13381.5
2025-04-13 07:30,17541.5
2025-04-13 07:45,20008.3
2025-04-13 08:00,21396.1
2025-04-13 08:15,25821.4
2025-04-13 08:30,28173.5
2025-04-13 08:45,31286.2
2025-04-13 09:00,33238.5
2025-04-13 09:15,35344.8
2025-04-13 09:30,38314.0
2025-04-13 09:45,40241.4
2025-04-13 10:00,39029.2
2025-04-13 10:15,45057.4
2025-04-13 10:30,43659.0
2025-04-13 10:45,44086.6
2025-04-13 11:00,41168.5
2025-04-13 11:15,41731.4
2025-04-13 11:30,43467.8
2025-04-13 11:45,44789.2
2025-04-13 12:00,41858.2
2025-04-13 12:15,43570.6
2025-04-13 12:30,45608.8
2025-04-13 12:45,40067.5
2025-04-13 13:00,42489.0
2025-04-13 13:15,44837.4
2025-04-13 13:30,41550.1
2025-04-13 13:45,41877.2
2025-04-13 14:00,44065.4
2025-04-13 14:15,42863.9
2025-04-13 14:30,43417.2
2025-04-13 14:45,44436.8
2025-04-13 15:00,42510.0
2025-04-13 15:15,41960.8
2025-04-13 15:30,40390.0
2025-04-13 15:45,39066.3
2025-04-13 16:00,36022.3
2025-04-13 16:15,36041.1
2025-04-13 16:30,33280.8
2025-04-13 16:45,31726.3
2025-04-13 17:00,28090.0
2025-04-13 17:15,24468.0
2025-04-13 17:30,21653.1
2025-04-13 17:45,19820.1
2025-04-13 18:00,17199.8
2025-04-13 18:15,12965.5
2025-04-13 18:30,9873.1
2025-04-13 18:45,6956.1
2025-04-13 19:00,4417.1
2025-04-13 19:15,1538.9
2025-04-13 19:30,0.0
2025-04-13 19:45,0.0
2025-04-13 20:00,0.0
2025-04-13 20:15,0.0
2025-04-13 20:30,0.0
2025-04-13 20:45,0.0
2025-04-13 21:00,0.0
2025-04-13 21:15,0.0
2025-04-13 21:30,0.0
2025-04-13 21:45,0.0
2025-04-13 22:00,0.0
2025-04-13 22:15,0.0
2025-04-13 22:30,0.0
2025-04-13 22:45,0.0
2025-04-13 23:00,0.0
2025-04-13 23:15,0.0
2025-04-13 23:30,0.0
2025-04-13 23:45,0.0
2025-04-14 00:00,0.0
2025-04-14 00:15,0.0
2025-04-14 00:30,0.0
2025-04-14 00:45,0.0
2025-04-14 01:00,0.0
2025-04-14 01:15,0.0
2025-04-14 01:30,0.0
2025-04-14 01:45,0.0
2025-04-14 02:00,0.0
2025-04-14 02:15,0.0
2025-04-14 02:30,0.0
2025-04-14 02:45,0.0
2025-04-14 03:00,0.0
2025-04-14 03:15,0.0
2025-04-14 03:30,0.0
2025-04-14 03:45,0.0
2025-04-14 04:00,0.0
2025-04-14 04:15,0.0
2025-04-14 04:30,0.0
2025-04-14 04:45,0.0
2025-04-14 05:00,0.0
2025-04-14 05:15,0.0
2025-04-14 05:30,0.0
2025-04-14 05:45,0.0
2025-04-14 06:00,0.0
2025-04-14 06:15,1338.6
2025-04-14 06:30,3323.2
2025-04-14 06:45,5306.7
2025-04-14 07:00,7599.2
2025-04-14 07:15,9915.6
2025-04-14 07:30,11922.0
2025-04-14 07:45,13592.5
2025-04-14 08:00,16258.3
2025-04-14 08:15,18693.8
2025-04-14 08:30,20048.4
2025-04-14 08:45,21293.2
2025-04-14 09:00,24726.7
2025-04-14 09:15,25115.7
2025-04-14 09:30,26404.9
2025-04-14 09:45,27844.6
2025-04-14 10:00,29616.9
2025-04-14 10:15,29667.3
2025-04-14 10:30,29663.8
2025-04-14 10:45,30956.0
2025-04-14 11:00,32543.5
2025-04-14 11:15,31985.3
2025-04-14 11:30,31381.3
2025-04-14 11:45,29725.7
2025-04-14 12:00,34193.5
2025-04-14 12:15,29594.8
2025-04-14 12:30,30329.0
2025-04-14 12:45,30017.0
2025-04-14 13:00,32168.1
2025-04-14 13:15,31085.8
2025-04-14 13:30,29418.2
2025-04-14 13:45,31008.3
2025-04-14 14:00,31265.1
2025-04-14 14:15,30413.5
2025-04-14 14:30,29455.0
2025-04-14 14:45,29675.4
2025-04-14 15:00,29570.6
2025-04-14 15:15,29454.6
2025-04-14 15:30,28280.7
2025-04-14 15:45,28445.1
2025-04-14 16:00,25971.2
2025-04-14 16:15,24111.5
2025-04-14 16:30,23404.0
2025-04-14 16:45,23153.3
2025-04-14 17:00,20054.4
2025-04-14 17:15,19710.7
2025-04-14 17:30,16559.5
2025-04-14 17:45,13649.1
2025-04-14 18:00,11626.6
2025-04-14 18:15,9770.9
2025-04-14 18:30,7236.9
2025-04-14 18:45,5743.5
2025-04-14 19:00,3207.3
2025-04-14 19:15,1382.5
2025-04-14 19:30,0.0
2025-04-14 19:45,0.0
2025-04-14 20:00,0.0
2025-04-14 20:15,0.0
2025-04-14 20:30,0.0
2025-04-14 20:45,0.0
2025-04-14 21:00,0.0
2025-04-14 21:15,0.0
2025-04-14 21:30,0.0
2025-04-14 21:45,0.0
2025-04-14 22:00,0.0
2025-04-14 22:15,0.0
2025-04-14 22:30,0.0
2025-04-14 22:45,0.0
2025-04-14 23:00,0.0
2025-04-14 23:15,0.0
2025-04-14 23:30,0.0
2025-04-14 23:45,0.0
2025-04-15 00:00,0.0
2025-04-15 00:15,0.0
2025-04-15 00:30,0.0
2025-04-15 00:45,0.0
2025-04-15 01:00,0.0
2025-04-15 01:15,0.0
2025-04-15 01:30,0.0
2025-04-15 01:45,0.0
2025-04-15 02:00,0.0
2025-04-15 02:15,0.0
2025-04-15 02:30,0.0
2025-04-15 02:45,0.0
2025-04-15 03:00,0.0
2025-04-15 03:15,0.0
2025-04-15 03:30,0.0
2025-04-15 03:45,0.0
2025-04-15 04:00,0.0
2025-04-15 04:15,0.0
2025-04-15 04:30,0.0
2025-04-15 04:45,0.0
2025-04-15 05:00,0.0
2025-04-15 05:15,0.0
2025-04-15 05:30,0.0
2025-04-15 05:45,0.0
2025-04-15 06:00,0.0
2025-04-15 06:15,2334.7
2025-04-15 06:30,5118.7
2025-04-15 06:45,8298.9
2025-04-15 07:00,10976.8
2025-04-15 07:15,15115.3
2025-04-15 07:30,17161.4
2025-04-15 07:45,20269.3
2025-04-15 08:00,24449.0
2025-04-15 08:15,28217.1
2025-04-15 08:30,30980.5
2025-04-15 08:45,32318.4
2025-04-15 09:00,35040.8
2025-04-15 09:15,36833.3
2025-04-15 09:30,40839.2
2025-04-15 09:45,40548.3
2025-04-15 10:00,42171.1
2025-04-15 10:15,43893.4
2025-04-15 10:30,42309.1
2025-04-15 10:45,43896.2
2025-04-15 11:00,48258.3
2025-04-15 11:15,47281.8
2025-04-15 11:30,46316.4
2025-04-15 11:45,44251.0
2025-04-15 12:00,46879.0
2025-04-15 12:15,46655.0
2025-04-15 12:30,42762.1
2025-04-15 12:45,44907.9
2025-04-15 13:00,43826.1
2025-04-15 13:15,44881.1
2025-04-15 13:30,46911.8
2025-04-15 13:45,41771.7
2025-04-15 14:00,45100.1
2025-04-15 14:15,46663.5
2025-04-15 14:30,42511.6
2025-04-15 14:45,46437.0
2025-04-15 15:00,41189.5
2025-04-15 15:15,42997.5
2025-04-15 15:30,42788.5
2025-04-15 15:45,40087.3
2025-04-15 16:00,39552.0
2025-04-15 16:15,36249.4
2025-04-15 16:30,36364.4
2025-04-15 16:45,32311.9
2025-04-15 17:00,30425.0
2025-04-15 17:15,26627.7
2025-04-15 17:30,23895.7
2025-04-15 17:45,21824.7
2025-04-15 18:00,18416.9
2025-04-15 18:15,14551.6
2025-04-15 18:30,11598.2
2025-04-15 18:45,8462.9
2025-04-15 19:00,5093.4
2025-04-15 19:15,2416.0
2025-04-15 19:30,0.0
2025-04-15 19:45,0.0
2025-04-15 20:00,0.0
2025-04-15 20:15,0.0
2025-04-15 20:30,0.0
2025-04-15 20:45,0.0
2025-04-15 21:00,0.0
2025-04-15 21:15,0.0
2025-04-15 21:30,0.0
2025-04-15 21:45,0.0
2025-04-15 22:00,0.0
2025-04-15 22:15,0.0
2025-04-15 22:30,0.0
2025-04-15 22:45,0.0
2025-04-15 23:00,0.0
2025-04-15 23:15,0.0
2025-04-15 23:30,0.0
2025-04-15 23:45,0.0
2025-04-16 00:00,0.0
2025-04-16 00:15,0.0
2025-04-16 00:30,0.0
2025-04-16 00:45,0.0
2025-04-16 01:00,0.0
2025-04-16 01:15,0.0
2025-04-16 01:30,0.0
2025-04-16 01:45,0.0
2025-04-16 02:00,0.0
2025-04-16 02:15,0.0
2025-04-16 02:30,0.0
2025-04-16 02:45,0.0
2025-04-16 03:00,0.0
2025-04-16 03:15,0.0
2025-04-16 03:30,0.0
2025-04-16 03:45,0.0
2025-04-16 04:00,0.0
2025-04-16 04:15,0.0
2025-04-16 04:30,0.0
2025-04-16 04:45,0.0
2025-04-16 05:00,0.0
2025-04-16 05:15,0.0
2025-04-16 05:30,0.0
2025-04-16 05:45,0.0
2025-04-16 06:00,0.0
2025-04-16 06:15,1836.0
2025-04-16 06:30,3881.2
2025-04-16 06:45,5621.5
2025-04-16 07:00,7748.4
2025-04-16 07:15,9974.8
2025-04-16 07:30,12009.8
2025-04-16 07:45,14237.5
2025-04-16 08:00,15588.8
2025-04-16 08:15,18575.5
2025-04-16 08:30,19717.8
2025-04-16 08:45,21406.6
2025-04-16 09:00,22515.8
2025-04-16 09:15,25939.0
2025-04-16 09:30,26188.7
2025-04-16 09:45,28281.8
2025-04-16 10:00,28417.0
2025-04-16 10:15,27377.4
2025-04-16 10:30,28394.5
2025-04-16 10:45,30372.4
2025-04-16 11:00,29232.8
2025-04-16 11:15,29060.1
2025-04-16 11:30,29929.3
2025-04-16 11:45,29930.7
2025-04-16 12:00,29150.8
2025-04-16 12:15,29735.4
2025-04-16 12:30,29572.0
2025-04-16 12:45,27662.3
2025-04-16 13:00,30455.1
2025-04-16 13:15,29298.3
2025-04-16 13:30,31239.9
2025-04-16 13:45,29052.3
2025-04-16 14:00,28665.3
2025-04-16 14:15,31113.2
2025-04-16 14:30,28497.3
2025-04-16 14:45,29130.4
2025-04-16 15:00,29874.6
2025-04-16 15:15,28566.4
2025-04-16 15:30,26786.9
2025-04-16 15:45,27493.3
2025-04-16 16:00,26146.3
2025-04-16 16:15,26031.4
2025-04-16 16:30,24059.7
2025-04-16 16:45,24046.4
2025-04-16 17:00,19273.3
2025-04-16 17:15,18358.6
2025-04-16 17:30,15832.0
2025-04-16 17:45,14753.8
2025-04-16 18:00,12415.7
2025-04-16 18:15,10185.8
2025-04-16 18:30,7640.6
2025-04-16 18:45,5606.3
2025-04-16 19:00,3494.6
2025-04-16 19:15,1897.1
2025-04-16 19:30,0.0
2025-04-16 19:45,0.0
2025-04-16 20:00,0.0
2025-04-16 20:15,0.0
2025-04-16 20:30,0.0
2025-04-16 20:45,0.0
2025-04-16 21:00,0.0
2025-04-16 21:15,0.0
2025-04-16 21:30,0.0
2025-04-16 21:45,0.0
2025-04-16 22:00,0.0
2025-04-16 22:15,0.0
2025-04-16 22:30,0.0
2025-04-16 22:45,0.0
2025-04-16 23:00,0.0
2025-04-16 23:15,0.0
2025-04-16 23:30,0.0
2025-04-16 23:45,0.0
2025-04-17 00:00,0.0
2025-04-17 00:15,0.0
2025-04-17 00:30,0.0
2025-04-17 00:45,0.0
2025-04-17 01:00,0.0
2025-04-17 01:15,0.0
2025-04-17 01:30,0.0
2025-04-17 01:45,0.0
2025-04-17 02:00,0.0
2025-04-17 02:15,0.0
2025-04-17 02:30,0.0
2025-04-17 02:45,0.0
2025-04-17 03:00,0.0
2025-04-17 03:15,0.0
2025-04-17 03:30,0.0
2025-04-17 03:45,0.0
2025-04-17 04:00,0.0
2025-04-17 04:15,0.0
2025-04-17 04:30,0.0
2025-04-17 04:45,0.0
2025-04-17 05:00,0.0
2025-04-17 05:15,0.0
2025-04-17 05:30,0.0
2025-04-17 05:45,0.0
2025-04-17 06:00,266.2
2025-04-17 06:15,2188.9
2025-04-17 06:30,4380.3
2025-04-17 06:45,6687.9
2025-04-17 07:00,8819.2
2025-04-17 07:15,11956.1
2025-04-17 07:30,14136.8
2025-04-17 07:45,15848.5
2025-04-17 08:00,18145.2
2025-04-17 08:15,20942.6
2025-04-17 08:30,22548.6
2025-04-17 08:45,24137.8
2025-04-17 09:00,26596.3
2025-04-17 09:15,28008.5
2025-04-17 09:30,29486.1
2025-04-17 09:45,31166.3
2025-04-17 10:00,29520.6
2025-04-17 10:15,31909.3
2025-04-17 10:30,32183.5
2025-04-17 10:45,32226.7
2025-04-17 11:00,33652.0
2025-04-17 11:15,32234.2
2025-04-17 11:30,32756.9
2025-04-17 11:45,32827.4
2025-04-17 12:00,33823.9
2025-04-17 12:15,33814.1
2025-04-17 12:30,32856.0
2025-04-17 12:45,32534.9
2025-04-17 13:00,34171.1
2025-04-17 13:15,33542.1
2025-04-17 13:30,34779.0
2025-04-17 13:45,30694.6
2025-04-17 14:00,32079.1
2025-04-17 14:15,32678.1
2025-04-17 14:30,35972.7
2025-04-17 14:45,32646.6
2025-04-17 15:00,32041.4
2025-04-17 15:15,30814.0
2025-04-17 15:30,30853.5
2025-04-17 15:45,30493.8
2025-04-17 16:00,29085.9
2025-04-17 16:15,27239.6
2025-04-17 16:30,25873.1
2025-04-17 16:45,25189.1
2025-04-17 17:00,22428.6
2025-04-17 17:15,20904.5
2025-04-17 17:30,17705.3
2025-04-17 17:45,15698.2
2025-04-17 18:00,14209.2
2025-04-17 18:15,10978.6
2025-04-17 18:30,8698.6
2025-04-17 18:45,6602.5
2025-04-17 19:00,4222.6
2025-04-17 19:15,2326.0
2025-04-17 19:30,249.7
2025-04-17 19:45,0.0
2025-04-17 20:00,0.0
2025-04-17 20:15,0.0
2025-04-17 20:30,0.0
2025-04-17 20:45,0.0
2025-04-17 21:00,0.0
2025-04-17 21:15,0.0
2025-04-17 21:30,0.0
2025-04-17 21:45,0.0
2025-04-17 22:00,0.0
2025-04-17 22:15,0.0
2025-04-17 22:30,0.0
2025-04-17 22:45,0.0
2025-04-17 23:00,0.0
2025-04-17 23:15,0.0
2025-04-17 23:30,0.0
2025-04-17 23:45,0.0
2025-04-18 00:00,0.0
2025-04-18 00:15,0.0
2025-04-18 00:30,0.0
2025-04-18 00:45,0.0
2025-04-18 01:00,0.0
2025-04-18 01:15,0.0
2025-04-18 01:30,0.0
2025-04-18 01:45,0.0
2025-04-18 02:00,0.0
2025-04-18 02:15,0.0
2025-04-18 02:30,0.0
2025-04-18 02:45,0.0
2025-04-18 03:00,0.0
2025-04-18 03:15,0.0
2025-04-18 03:30,0.0
2025-04-18 03:45,0.0
2025-04-18 04:00,0.0
2025-04-18 04:15,0.0
2025-04-18 04:30,0.0
2025-04-18 04:45,0.0
2025-04-18 05:00,0.0
2025-04-18 05:15,0.0
2025-04-18 05:30,0.0
2025-04-18 05:45,0.0
2025-04-18 06:00,634.0
2025-04-18 06:15,3072.7
2025-04-18 06:30,5963.6
2025-04-18 06:45,8681.8
2025-04-18 07:00,11454.3
2025-04-18 07:15,14370.6
2025-04-18 07:30,18397.7
2025-04-18 07:45,20663.4
2025-04-18 08:00,23732.9
2025-04-18 08:15,24134.4
2025-04-18 08:30,28205.4
2025-04-18 08:45,29148.0
2025-04-18 09:00,32935.0
2025-04-18 09:15,35691.2
2025-04-18 09:30,36220.6
2025-04-18 09:45,38971.6
2025-04-18 10:00,38306.3
2025-04-18 10:15,41112.6
2025-04-18 10:30,39167.4
2025-04-18 10:45,41222.6
2025-04-18 11:00,42373.0
2025-04-18 11:15,42683.7
2025-04-18 11:30,41910.2
2025-04-18 11:45,44515.4
2025-04-18 12:00,41506.6
2025-04-18 12:15,41413.9
2025-04-18 12:30,38472.9
2025-04-18 12:45,44157.1
2025-04-18 13:00,41481.1
2025-04-18 13:15,40500.8
2025-04-18 13:30,43694.7
2025-04-18 13:45,43626.7
2025-04-18 14:00,42207.5
2025-04-18 14:15,40199.9
2025-04-18 14:30,42372.0
2025-04-18 14:45,40774.2
2025-04-18 15:00,39639.2
2025-04-18 15:15,41679.5
2025-04-18 15:30,36990.5
2025-04-18 15:45,39027.5
2025-04-18 16:00,37477.9
2025-04-18 16:15,37467.7
2025-04-18 16:30,33687.0
2025-04-18 16:45,29253.3
2025-04-18 17:00,28048.0
2025-04-18 17:15,26215.0
2025-04-18 17:30,23648.8
2025-04-18 17:45,21119.5
2025-04-18 18:00,16526.4
2025-04-18 18:15,14429.1
2025-04-18 18:30,11942.3
2025-04-18 18:45,9097.0
2025-04-18 19:00,6207.5
2025-04-18 19:15,3152.8
2025-04-18 19:30,671.5
2025-04-18 19:45,0.0
2025-04-18 20:00,0.0
2025-04-18 20:15,0.0
2025-04-18 20:30,0.0
2025-04-18 20:45,0.0
2025-04-18 21:00,0.0
2025-04-18 21:15,0.0
2025-04-18 21:30,0.0
2025-04-18 21:45,0.0
2025-04-18 22:00,0.0
2025-04-18 22:15,0.0
2025-04-18 22:30,0.0
2025-04-18 22:45,0.0
2025-04-18 23:00,0.0
2025-04-18 23:15,0.0
2025-04-18 23:30,0.0
2025-04-18 23:45,0.0
2025-04-19 00:00,0.0
2025-04-19 00:15,0.0
2025-04-19 00:30,0.0
2025-04-19 00:45,0.0
2025-04-19 01:00,0.0
2025-04-19 01:15,0.0
2025-04-19 01:30,0.0
2025-04-19 01:45,0.0
2025-04-19 02:00,0.0
2025-04-19 02:15,0.0
2025-04-19 02:30,0.0
2025-04-19 02:45,0.0
2025-04-19 03:00,0.0
2025-04-19 03:15,0.0
2025-04-19 03:30,0.0
2025-04-19 03:45,0.0
2025-04-19 04:00,0.0
2025-04-19 04:15,0.0
2025-04-19 04:30,0.0
2025-04-19 04:45,0.0
2025-04-19 05:00,0.0
2025-04-19 05:15,0.0
2025-04-19 05:30,0.0
2025-04-19 05:45,0.0
2025-04-19 06:00,1044.6
2025-04-19 06:15,3488.3
2025-04-19 06:30,6513.0
2025-04-19 06:45,9313.0
2025-04-19 07:00,11453.4
2025-04-19 07:15,14743.0
2025-04-19 07:30,18924.8
2025-04-19 07:45,21897.0
2025-04-19 08:00,25106.2
2025-04-19 08:15,28084.3
2025-04-19 08:30,30586.5
2025-04-19 08:45,30435.0
2025-04-19 09:00,36066.8
2025-04-19 09:15,37678.5
2025-04-19 09:30,38572.9
2025-04-19 09:45,37034.8
2025-04-19 10:00,41990.4
2025-04-19 10:15,42204.2
2025-04-19 10:30,42067.8
2025-04-19 10:45,42364.4
2025-04-19 11:00,41803.1
2025-04-19 11:15,44681.3
2025-04-19 11:30,43355.4
2025-04-19 11:45,42842.1
2025-04-19 12:00,43987.3
2025-04-19 12:15,45253.4
2025-04-19 12:30,45150.5
2025-04-19 12:45,41540.0
2025-04-19 13:00,43934.5
2025-04-19 13:15,42327.8
2025-04-19 13:30,42114.6
2025-04-19 13:45,45796.5
2025-04-19 14:00,43833.3
2025-04-19 14:15,43491.4
2025-04-19 14:30,43974.3
2025-04-19 14:45,42553.7
2025-04-19 15:00,42338.1
2025-04-19 15:15,41932.2
2025-04-19 15:30,40108.3
2025-04-19 15:45,40289.5
2025-04-19 16:00,40616.6
2025-04-19 16:15,36348.8
2025-04-19 16:30,35187.7
2025-04-19 16:45,32500.9
2025-04-19 17:00,29939.2
2025-04-19 17:15,27600.8
2025-04-19 17:30,24159.7
2025-04-19 17:45,21855.4
2025-04-19 18:00,18787.6
2025-04-19 18:15,15718.6
2025-04-19 18:30,12832.2
2025-04-19 18:45,9390.1
2025-04-19 19:00,6435.8
2025-04-19 19:15,3664.3
2025-04-19 19:30,986.8
2025-04-19 19:45,0.0
2025-04-19 20:00,0.0
2025-04-19 20:15,0.0
2025-04-19 20:30,0.0
2025-04-19 20:45,0.0
2025-04-19 21:00,0.0
2025-04-19 21:15,0.0
2025-04-19 21:30,0.0
2025-04-19 21:45,0.0
2025-04-19 22:00,0.0
2025-04-19 22:15,0.0
2025-04-19 22:30,0.0
2025-04-19 22:45,0.0
2025-04-19 23:00,0.0
2025-04-19 23:15,0.0
2025-04-19 23:30,0.0
2025-04-19 23:45,0.0
2025-04-20 00:00,0.0
2025-04-20 00:15,0.0
2025-04-20 00:30,0.0
2025-04-20 00:45,0.0
2025-04-20 01:00,0.0
2025-04-20 01:15,0.0
2025-04-20 01:30,0.0
2025-04-20 01:45,0.0
2025-04-20 02:00,0.0
2025-04-20 02:15,0.0
2025-04-20 02:30,0.0
2025-04-20 02:45,0.0
2025-04-20 03:00,0.0
2025-04-20 03:15,0.0
2025-04-20 03:30,0.0
2025-04-20 03:45,0.0
2025-04-20 04:00,0.0
2025-04-20 04:15,0.0
2025-04-20 04:30,0.0
2025-04-20 04:45,0.0
2025-04-20 05:00,0.0
2025-04-20 05:15,0.0
2025-04-20 05:30,0.0
2025-04-20 05:45,0.0
2025-04-20 06:00,1034.5
2025-04-20 06:15,3013.5
2025-04-20 06:30,4943.8
2025-04-20 06:45,7328.8
2025-04-20 07:00,9278.9
2025-04-20 07:15,11990.6
2025-04-20 07:30,13725.6
2025-04-20 07:45,16969.8
2025-04-20 08:00,19159.1
2025-04-20 08:15,21038.8
2025-04-20 08:30,22792.0
2025-04-20 08:45,25011.6
2025-04-20 09:00,24814.2
2025-04-20 09:15,26925.2
2025-04-20 09:30,28982.0
2025-04-20 09:45,30490.5
2025-04-20 10:00,30969.7
2025-04-20 10:15,30763.6
2025-04-20 10:30,32351.3
2025-04-20 10:45,32129.2
2025-04-20 11:00,31743.3
2025-04-20 11:15,33240.2
2025-04-20 11:30,32752.3
2025-04-20 11:45,34138.6
2025-04-20 12:00,33582.8
2025-04-20 12:15,33613.6
2025-04-20 12:30,33177.7
2025-04-20 12:45,32017.2
2025-04-20 13:00,31938.2
2025-04-20 13:15,31437.2
2025-04-20 13:30,35769.1
2025-04-20 13:45,31888.4
2025-04-20 14:00,32752.4
2025-04-20 14:15,32558.9
2025-04-20 14:30,32518.0
2025-04-20 14:45,32001.8
2025-04-20 15:00,30416.2
2025-04-20 15:15,30769.8
2025-04-20 15:30,29748.5
2025-04-20 15:45,30063.1
2025-04-20 16:00,28514.4
2025-04-20 16:15,27267.4
2025-04-20 16:30,26539.4
2025-04-20 16:45,24271.2
2025-04-20 17:00,23499.9
2025-04-20 17:15,20621.6
2025-04-20 17:30,18864.5
2025-04-20 17:45,15859.0
2025-04-20 18:00,14510.3
2025-04-20 18:15,11770.6
2025-04-20 18:30,9724.4
2025-04-20 18:45,7408.2
2025-04-20 19:00,5104.9
2025-04-20 19:15,3039.0
2025-04-20 19:30,1005.8
2025-04-20 19:45,0.0
2025-04-20 20:00,0.0
2025-04-20 20:15,0.0
2025-04-20 20:30,0.0
2025-04-20 20:45,0.0
2025-04-20 21:00,0.0
2025-04-20 21:15,0.0
2025-04-20 21:30,0.0
2025-04-20 21:45,0.0
2025-04-20 22:00,0.0
2025-04-20 22:15,0.0
2025-04-20 22:30,0.0
2025-04-20 22:45,0.0
2025-04-20 23:00,0.0
2025-04-20 23:15,0.0
2025-04-20 23:30,0.0
2025-04-20 23:45,0.0
2025-04-21 00:00,0.0
2025-04-21 00:15,0.0
2025-04-21 00:30,0.0
2025-04-21 00:45,0.0
2025-04-21 01:00,0.0
2025-04-21 01:15,0.0
2025-04-21 01:30,0.0
2025-04-21 01:45,0.0
2025-04-21 02:00,0.0
2025-04-21 02:15,0.0
2025-04-21 02:30,0.0
2025-04-21 02:45,0.0
2025-04-21 03:00,0.0
2025-04-21 03:15,0.0
2025-04-21 03:30,0.0
2025-04-21 03:45,0.0
2025-04-21 04:00,0.0
2025-04-21 04:15,0.0
2025-04-21 04:30,0.0
2025-04-21 04:45,0.0
2025-04-21 05:00,0.0
2025-04-21 05:15,0.0
2025-04-21 05:30,0.0
2025-04-21 05:45,0.0
2025-04-21 06:00,1827.6
2025-04-21 06:15,4413.0
2025-04-21 06:30,7437.1
2025-04-21 06:45,10357.7
2025-04-21 07:00,13650.6
2025-04-21 07:15,17349.4
2025-04-21 07:30,20619.5
2025-04-21 07:45,22807.0
2025-04-21 08:00,25341.6
2025-04-21 08:15,30379.1
2025-04-21 08:30,31051.3
2025-04-21 08:45,36118.0
2025-04-21 09:00,36736.0
2025-04-21 09:15,38145.5
2025-04-21 09:30,42104.0
2025-04-21 09:45,42709.6
2025-04-21 10:00,45323.9
2025-04-21 10:15,44499.6
2025-04-21 10:30,45725.0
2025-04-21 10:45,46303.5
2025-04-21 11:00,44781.0
2025-04-21 11:15,46174.9
2025-04-21 11:30,44291.6
2025-04-21 11:45,47025.1
2025-04-21 12:00,43545.7
2025-04-21 12:15,48508.4
2025-04-21 12:30,45547.6
2025-04-21 12:45,44443.9
2025-04-21 13:00,44658.5
2025-04-21 13:15,49123.3
2025-04-21 13:30,46564.9
2025-04-21 13:45,46607.8
2025-04-21 14:00,45134.9
2025-04-21 14:15,46942.9
2025-04-21 14:30,47810.5
2025-04-21 14:45,45114.3
2025-04-21 15:00,46235.0
2025-04-21 15:15,47084.7
2025-04-21 15:30,43569.9
2025-04-21 15:45,41105.5
2025-04-21 16:00,40311.3
2025-04-21 16:15,40105.8
2025-04-21 16:30,38256.9
2025-04-21 16:45,36427.8
2025-04-21 17:00,32494.8
2025-04-21 17:15,29626.0
2025-04-21 17:30,27291.4
2025-04-21 17:45,23035.3
2025-04-21 18:00,20716.5
2025-04-21 18:15,16849.7
2025-04-21 18:30,13085.1
2025-04-21 18:45,10499.2
2025-04-21 19:00,7502.1
2025-04-21 19:15,4660.5
2025-04-21 19:30,1787.9
2025-04-21 19:45,0.0
2025-04-21 20:00,0.0
2025-04-21 20:15,0.0
2025-04-21 20:30,0.0
2025-04-21 20:45,0.0
2025-04-21 21:00,0.0
2025-04-21 21:15,0.0
2025-04-21 21:30,0.0
2025-04-21 21:45,0.0
2025-04-21 22:00,0.0
2025-04-21 22:15,0.0
2025-04-21 22:30,0.0
2025-04-21 22:45,0.0
2025-04-21 23:00,0.0
2025-04-21 23:15,0.0
2025-04-21 23:30,0.0
2025-04-21 23:45,0.0